{
  "LightGBM": {
    "rmse": 25337.50154427367,
    "rmse_std": 425.25864329924667,
    "mae": 15982.538558439974,
    "mae_std": 173.1856262100369,
    "r2": 0.7547371268569739,
    "r2_std": 0.008407947564220098,
    "log_r2": 0.8047645849690739,
    "log_r2_std": 0.005149620481178258
  },
  "XGBoost": {
    "rmse": 25615.992384891684,
    "rmse_std": 421.62361926436114,
    "mae": 16386.47759973808,
    "mae_std": 177.46667179141784,
    "r2": 0.749316553557647,
    "r2_std": 0.00849446001910894,
    "log_r2": 0.7994813110943226,
    "log_r2_std": 0.004946819021749322
  },
  "CatBoost": {
    "rmse": 25662.561576061864,
    "rmse_std": 410.95407075426937,
    "mae": 16487.336712549666,
    "mae_std": 174.61741010049704,
    "r2": 0.7484093205897044,
    "r2_std": 0.00825295577111265,
    "log_r2": 0.7979935324794998,
    "log_r2_std": 0.005718111890853832
  },
  "Ensemble": {
    "rmse": 25224.874103784136,
    "mae": 16003.655235474811,
    "r2": 0.7570139692725663,
    "log_r2": 0.8064780281184531,
    "rmse_std": 0.0,
    "mae_std": 0.0,
    "weights": {
      "LightGBM": 0.335969400688651,
      "XGBoost": 0.3323168230561367,
      "CatBoost": 0.33171377625521237
    }
  }
}