{
  "LightGBM": {
    "rmse": 29457.844638291543,
    "rmse_std": 520.1463947382155,
    "mae": 20171.83411880454,
    "mae_std": 289.25292092897274,
    "r2": 0.6646965060049188,
    "r2_std": 0.0052998670490696466,
    "log_r2": 0.6811762111925896,
    "log_r2_std": 0.015162475401749875
  },
  "XGBoost": {
    "rmse": 29175.15403286584,
    "rmse_std": 419.67435422638096,
    "mae": 19821.69111793604,
    "mae_std": 213.72183898688536,
    "r2": 0.6710880210962581,
    "r2_std": 0.003602205572935321,
    "log_r2": 0.6833117237700902,
    "log_r2_std": 0.014067903926583834
  },
  "Ensemble": {
    "rmse": 29059.800085490482,
    "mae": 19774.399096589867,
    "r2": 0.6739161402680747,
    "log_r2": 0.6886079718321967,
    "rmse_std": 0.0,
    "mae_std": 0.0
  }
}