model,RMSE,MAE,Raw R²
Model 03 Weighted OOF,25277.767088620854,16036.086473841104,0.7559938863920173
Model 04 Ridge Stacking,25106.46733741782,15928.851801827397,0.7592897914138911
